reading_id,equipment_id,cycle,op_setting_1,op_setting_2,op_setting_3,sensor_1,sensor_2,sensor_3,sensor_4,sensor_5,sensor_6,sensor_7,sensor_8,sensor_9,sensor_10,sensor_11,sensor_12,sensor_13,sensor_14,sensor_15,sensor_16,sensor_17,sensor_18,sensor_19,sensor_20,sensor_21
R-EQ001-001,EQ001,1,-0.0007,-0.0004,100.0,518.67,641.82,1589.70,1400.60,14.62,21.61,554.36,2388.06,9046.19,1.30,47.47,521.66,2388.02,8138.62,8.4195,0.03,392,2388,100.00,39.06,23.4190
R-EQ001-002,EQ001,2,0.0019,-0.0003,100.0,518.67,642.15,1591.82,1403.14,14.62,21.61,553.75,2388.04,9044.07,1.30,47.49,522.28,2388.07,8131.49,8.4318,0.03,392,2388,100.00,39.00,23.4236
R-EQ001-003,EQ001,3,-0.0043,0.0003,100.0,518.67,642.35,1587.99,1404.20,14.62,21.61,554.26,2388.08,9052.94,1.30,47.27,522.42,2388.03,8133.23,8.4178,0.03,390,2388,100.00,38.95,23.3442
R-EQ001-004,EQ001,4,0.0007,0.0000,100.0,518.67,642.35,1582.79,1401.87,14.62,21.61,554.45,2388.11,9049.48,1.30,47.13,522.86,2388.08,8133.83,8.3682,0.03,392,2388,100.00,38.88,23.3739
R-EQ001-005,EQ001,5,-0.0019,-0.0002,100.0,518.67,642.37,1582.85,1406.22,14.62,21.61,554.00,2388.06,9055.15,1.30,47.28,522.19,2388.04,8133.80,8.4294,0.03,393,2388,100.00,38.90,23.4044
R-EQ001-006,EQ001,6,-0.0043,-0.0001,100.0,518.67,642.10,1584.47,1398.37,14.62,21.61,554.67,2388.02,9049.68,1.30,47.16,521.68,2388.03,8132.85,8.4108,0.03,391,2388,100.00,38.98,23.3669
R-EQ001-007,EQ001,7,0.0010,0.0001,100.0,518.67,642.48,1592.32,1397.77,14.62,21.61,554.34,2388.02,9059.13,1.30,47.36,522.32,2388.03,8132.32,8.3974,0.03,392,2388,100.00,39.10,23.3774
R-EQ001-008,EQ001,8,-0.0034,0.0003,100.0,518.67,642.56,1582.96,1400.97,14.62,21.61,553.85,2388.00,9040.80,1.30,47.24,522.47,2388.03,8131.07,8.4076,0.03,391,2388,100.00,38.97,23.3106
R-EQ001-009,EQ001,9,0.0008,0.0001,100.0,518.67,642.12,1590.98,1394.80,14.62,21.61,553.69,2388.05,9046.46,1.30,47.29,521.79,2388.05,8125.69,8.3728,0.03,392,2388,100.00,39.05,23.4066
R-EQ001-010,EQ001,10,-0.0033,0.0001,100.0,518.67,641.71,1591.24,1400.46,14.62,21.61,553.59,2388.05,9051.70,1.30,47.03,521.79,2388.06,8129.38,8.4286,0.03,393,2388,100.00,38.95,23.4694
R-EQ001-011,EQ001,11,0.0018,-0.0003,100.0,518.67,642.28,1581.75,1400.64,14.62,21.61,554.54,2388.05,9049.61,1.30,47.15,521.40,2388.01,8140.58,8.4340,0.03,392,2388,100.00,38.94,23.4787
R-EQ001-012,EQ001,12,0.0016,0.0002,100.0,518.67,642.06,1583.41,1400.15,14.62,21.61,554.52,2388.09,9049.37,1.30,47.18,521.80,2388.02,8134.25,8.3938,0.03,391,2388,100.00,39.06,23.3660
R-EQ001-013,EQ001,13,-0.0019,0.0004,100.0,518.67,643.07,1582.19,1400.83,14.62,21.61,553.44,2388.12,9046.82,1.30,47.38,521.85,2388.08,8128.10,8.4152,0.03,393,2388,100.00,38.93,23.2757
R-EQ001-014,EQ001,14,0.0009,-0.0000,100.0,518.67,642.35,1592.95,1399.16,14.62,21.61,554.48,2388.09,9047.37,1.30,47.44,521.67,2388.00,8134.43,8.3964,0.03,393,2388,100.00,39.18,23.3826
R-EQ001-015,EQ001,15,-0.0018,-0.0003,100.0,518.67,642.43,1583.82,1402.13,14.62,21.61,553.64,2388.11,9052.22,1.30,47.30,522.50,2388.08,8127.56,8.4199,0.03,391,2388,100.00,38.99,23.3500
R-EQ001-016,EQ001,16,0.0006,0.0005,100.0,518.67,642.13,1587.98,1404.50,14.62,21.61,553.94,2388.05,9049.34,1.30,47.24,521.49,2388.07,8136.11,8.3936,0.03,392,2388,100.00,38.97,23.4550
R-EQ001-017,EQ001,17,0.0002,0.0002,100.0,518.67,642.58,1584.96,1399.95,14.62,21.61,553.80,2388.06,9054.92,1.30,47.12,521.89,2388.04,8137.27,8.4542,0.03,392,2388,100.00,38.81,23.3319
R-EQ001-018,EQ001,18,-0.0031,-0.0001,100.0,518.67,642.62,1591.04,1396.12,14.62,21.61,554.20,2388.05,9049.55,1.30,47.21,521.76,2388.07,8132.73,8.4028,0.03,392,2388,100.00,38.89,23.3987
R-EQ001-019,EQ001,19,0.0032,-0.0003,100.0,518.67,641.79,1587.56,1400.35,14.62,21.61,554.18,2388.04,9053.99,1.30,47.40,521.89,2388.03,8129.13,8.4321,0.03,391,2388,100.00,38.80,23.3464
R-EQ001-020,EQ001,20,-0.0037,0.0001,100.0,518.67,643.04,1581.11,1405.23,14.62,21.61,554.81,2388.05,9045.90,1.30,47.22,522.07,2388.02,8129.71,8.4210,0.03,392,2388,100.00,39.03,23.4220
R-EQ002-001,EQ002,1,-0.0018,0.0006,100.0,518.67,641.89,1583.84,1391.28,14.62,21.60,554.53,2388.01,9054.72,1.30,46.93,522.33,2388.06,8137.72,8.3905,0.03,391,2388,100.00,38.94,23.4585
R-EQ002-002,EQ002,2,0.0043,-0.0003,100.0,518.67,641.82,1587.05,1393.13,14.62,21.61,554.77,2387.98,9051.31,1.30,47.24,522.70,2387.98,8131.09,8.4167,0.03,392,2388,100.00,39.06,23.4085
R-EQ002-003,EQ002,3,0.0018,0.0003,100.0,518.67,641.55,1588.32,1398.96,14.62,21.60,555.14,2388.04,9054.24,1.30,47.22,522.58,2387.99,8140.58,8.3802,0.03,391,2388,100.00,39.11,23.4250
R-EQ002-004,EQ002,4,0.0035,-0.0004,100.0,518.67,641.68,1584.15,1396.08,14.62,21.61,554.25,2387.98,9058.01,1.30,47.10,522.49,2387.93,8140.44,8.4018,0.03,391,2388,100.00,39.13,23.5027
R-EQ002-005,EQ002,5,0.0005,0.0004,100.0,518.67,641.73,1579.03,1402.52,14.62,21.60,555.12,2388.03,9058.15,1.30,47.25,522.27,2387.94,8136.67,8.3867,0.03,390,2388,100.00,39.18,23.4234
R-EQ002-006,EQ002,6,-0.0010,0.0004,100.0,518.67,641.30,1577.50,1396.76,14.62,21.61,554.98,2388.04,9054.07,1.30,47.05,522.80,2387.99,8133.65,8.3800,0.03,392,2388,100.00,39.15,23.4270
R-EQ002-007,EQ002,7,0.0001,-0.0002,100.0,518.67,642.03,1587.49,1400.65,14.62,21.61,554.84,2388.05,9052.67,1.30,47.10,522.14,2388.04,8136.33,8.3941,0.03,391,2388,100.00,39.10,23.4718
R-EQ002-008,EQ002,8,0.0015,-0.0004,100.0,518.67,642.55,1590.41,1395.39,14.62,21.61,554.65,2388.01,9055.82,1.30,47.20,522.77,2387.96,8137.92,8.3861,0.03,391,2388,100.00,39.11,23.4381
R-EQ002-009,EQ002,9,0.0017,-0.0004,100.0,518.67,641.98,1581.99,1395.01,14.62,21.60,554.69,2388.02,9051.67,1.30,47.14,522.40,2387.98,8145.29,8.3868,0.03,390,2388,100.00,39.06,23.4875
R-EQ002-010,EQ002,10,-0.0045,0.0002,100.0,518.67,641.99,1586.37,1394.86,14.62,21.60,554.63,2387.99,9058.88,1.30,47.21,521.99,2387.97,8138.64,8.3982,0.03,391,2388,100.00,39.20,23.6005
R-EQ002-011,EQ002,11,0.0006,0.0004,100.0,518.67,642.26,1589.21,1401.29,14.62,21.61,554.70,2388.01,9053.21,1.30,47.21,522.20,2388.03,8135.85,8.4188,0.03,392,2388,100.00,39.23,23.3888
R-EQ002-012,EQ002,12,0.0002,0.0006,100.0,518.67,641.64,1579.99,1401.90,14.62,21.61,554.57,2387.98,9047.89,1.30,47.13,521.94,2387.97,8136.49,8.3925,0.03,392,2388,100.00,39.12,23.4201
R-EQ002-013,EQ002,13,0.0007,0.0005,100.0,518.67,641.78,1586.77,1401.53,14.62,21.61,554.69,2387.94,9053.63,1.30,47.03,522.33,2387.99,8140.61,8.3742,0.03,391,2388,100.00,38.88,23.4317
R-EQ002-014,EQ002,14,-0.0024,-0.0004,100.0,518.67,641.66,1584.04,1395.46,14.62,21.61,554.47,2388.01,9047.30,1.30,47.12,523.07,2387.98,8140.09,8.3887,0.03,391,2388,100.00,38.93,23.4074
R-EQ002-015,EQ002,15,-0.0012,-0.0003,100.0,518.67,642.21,1579.84,1402.11,14.62,21.61,554.17,2388.02,9049.82,1.30,47.17,521.96,2388.02,8137.72,8.3704,0.03,393,2388,100.00,38.94,23.4311
R-EQ002-016,EQ002,16,-0.0010,0.0003,100.0,518.67,641.81,1581.99,1393.46,14.62,21.61,554.53,2387.99,9051.79,1.30,47.24,522.49,2387.95,8133.45,8.3805,0.03,392,2388,100.00,39.01,23.4462
R-EQ002-017,EQ002,17,0.0003,-0.0001,100.0,518.67,642.43,1583.58,1390.27,14.62,21.61,553.62,2388.04,9052.05,1.30,47.13,522.71,2388.08,8134.78,8.3714,0.03,391,2388,100.00,39.04,23.5245
R-EQ002-018,EQ002,18,0.0014,0.0001,100.0,518.67,641.95,1588.43,1400.25,14.62,21.61,554.83,2388.00,9051.35,1.30,47.22,522.92,2388.00,8133.20,8.4053,0.03,391,2388,100.00,39.00,23.4203
R-EQ002-019,EQ002,19,0.0025,0.0001,100.0,518.67,641.75,1576.84,1401.77,14.62,21.61,555.25,2388.02,9055.07,1.30,47.14,522.38,2387.98,8137.51,8.4035,0.03,392,2388,100.00,39.10,23.4102
R-EQ002-020,EQ002,20,0.0042,-0.0004,100.0,518.67,642.34,1582.94,1394.38,14.62,21.61,554.64,2388.00,9050.27,1.30,47.14,522.54,2387.94,8139.83,8.3698,0.03,391,2388,100.00,39.02,23.3821
R-EQ003-001,EQ003,1,0.0008,0.0005,100.0,518.67,642.04,1584.20,1398.13,14.62,21.61,553.96,2388.06,9056.95,1.30,47.14,522.24,2388.00,8138.40,8.4207,0.03,391,2388,100.00,38.96,23.3205
R-EQ003-002,EQ003,2,-0.0010,0.0000,100.0,518.67,642.66,1587.04,1398.62,14.62,21.61,554.76,2388.05,9059.67,1.30,47.35,522.03,2388.01,8137.38,8.3949,0.03,390,2388,100.00,39.07,23.4369
R-EQ003-003,EQ003,3,0.0013,-0.0002,100.0,518.67,642.07,1580.75,1401.10,14.62,21.61,554.51,2388.03,9050.43,1.30,46.94,522.16,2388.01,8137.20,8.3820,0.03,393,2388,100.00,39.03,23.3162
R-EQ003-004,EQ003,4,0.0008,-0.0002,100.0,518.67,642.50,1580.12,1395.76,14.62,21.61,554.48,2388.07,9060.43,1.30,47.44,522.31,2388.07,8139.35,8.3940,0.03,391,2388,100.00,38.94,23.4901
R-EQ003-005,EQ003,5,0.0020,0.0004,100.0,518.67,641.97,1581.48,1394.05,14.62,21.61,554.14,2388.01,9054.36,1.30,47.16,522.00,2388.03,8135.99,8.4233,0.03,391,2388,100.00,38.90,23.4190
R-EQ003-006,EQ003,6,-0.0010,-0.0003,100.0,518.67,642.65,1581.26,1397.98,14.62,21.61,554.86,2388.08,9048.62,1.30,47.12,522.58,2388.08,8137.99,8.4126,0.03,392,2388,100.00,39.04,23.4656
R-EQ003-007,EQ003,7,-0.0018,-0.0003,100.0,518.67,642.62,1583.68,1405.76,14.62,21.61,554.29,2388.06,9051.91,1.30,47.26,522.08,2388.01,8141.85,8.4369,0.03,393,2388,100.00,39.03,23.4051
R-EQ003-008,EQ003,8,0.0017,-0.0005,100.0,518.67,642.23,1581.60,1401.86,14.62,21.61,554.11,2388.00,9059.59,1.30,47.13,521.87,2388.06,8141.47,8.4197,0.03,392,2388,100.00,38.85,23.3564
R-EQ003-009,EQ003,9,0.0000,0.0003,100.0,518.67,642.60,1581.04,1398.30,14.62,21.61,554.61,2387.99,9060.04,1.30,47.16,522.47,2388.09,8136.84,8.4151,0.03,392,2388,100.00,39.02,23.3873
R-EQ003-010,EQ003,10,-0.0009,0.0003,100.0,518.67,642.72,1582.20,1400.07,14.62,21.61,554.28,2388.00,9053.42,1.30,47.22,522.40,2388.05,8130.42,8.4063,0.03,392,2388,100.00,38.96,23.3129
R-EQ003-011,EQ003,11,-0.0009,0.0002,100.0,518.67,641.94,1591.43,1400.59,14.62,21.61,554.88,2388.03,9051.86,1.30,47.40,522.02,2388.01,8138.08,8.4237,0.03,391,2388,100.00,38.80,23.4161
R-EQ003-012,EQ003,12,-0.0029,0.0003,100.0,518.67,642.61,1583.92,1404.93,14.62,21.61,553.45,2388.06,9049.23,1.30,47.17,522.07,2388.02,8141.09,8.3779,0.03,393,2388,100.00,38.90,23.3028
R-EQ003-013,EQ003,13,0.0002,0.0003,100.0,518.67,642.63,1583.25,1403.52,14.62,21.61,555.25,2388.03,9057.09,1.30,47.25,522.26,2388.06,8138.75,8.3743,0.03,390,2388,100.00,39.16,23.3372
R-EQ003-014,EQ003,14,0.0000,0.0004,100.0,518.67,642.16,1591.03,1396.35,14.62,21.61,554.31,2388.02,9056.59,1.30,47.27,521.69,2387.99,8141.57,8.4339,0.03,391,2388,100.00,38.90,23.3506
R-EQ003-015,EQ003,15,-0.0015,0.0001,100.0,518.67,641.83,1585.29,1398.77,14.62,21.61,554.36,2388.05,9058.29,1.30,47.15,522.00,2388.06,8138.07,8.4311,0.03,390,2388,100.00,39.02,23.2825
R-EQ003-016,EQ003,16,-0.0064,-0.0002,100.0,518.67,642.65,1589.05,1392.15,14.62,21.61,554.17,2388.05,9051.12,1.30,47.26,522.25,2387.97,8137.26,8.4147,0.03,391,2388,100.00,38.94,23.4078
R-EQ003-017,EQ003,17,-0.0018,-0.0001,100.0,518.67,642.78,1588.94,1395.76,14.62,21.61,553.74,2388.00,9051.79,1.30,47.35,522.37,2387.99,8140.24,8.4018,0.03,393,2388,100.00,39.13,23.4031
R-EQ003-018,EQ003,18,-0.0013,-0.0005,100.0,518.67,642.26,1584.36,1402.30,14.62,21.61,554.52,2388.00,9055.82,1.30,47.38,521.80,2388.05,8141.53,8.4244,0.03,390,2388,100.00,39.00,23.3709
R-EQ003-019,EQ003,19,0.0029,-0.0004,100.0,518.67,642.05,1580.67,1402.82,14.62,21.61,553.99,2388.03,9051.22,1.30,47.23,522.18,2387.99,8144.32,8.4130,0.03,391,2388,100.00,39.12,23.4505
R-EQ003-020,EQ003,20,-0.0020,-0.0002,100.0,518.67,642.25,1580.73,1394.57,14.62,21.61,554.54,2388.06,9047.08,1.30,47.10,522.29,2388.03,8135.13,8.3980,0.03,391,2388,100.00,38.93,23.3357
R-EQ004-001,EQ004,1,0.0025,0.0005,100.0,518.67,642.60,1585.40,1402.85,14.62,21.61,553.97,2388.06,9051.10,1.30,47.29,521.94,2388.07,8131.50,8.4200,0.03,393,2388,100.00,39.04,23.3814
R-EQ004-002,EQ004,2,0.0002,-0.0004,100.0,518.67,642.45,1583.54,1410.36,14.62,21.61,554.62,2388.06,9048.41,1.30,47.35,521.70,2388.04,8129.53,8.3999,0.03,391,2388,100.00,39.02,23.4437
R-EQ004-003,EQ004,3,-0.0025,-0.0000,100.0,518.67,642.16,1586.59,1398.65,14.62,21.61,553.52,2388.08,9052.57,1.30,47.40,521.35,2388.09,8131.24,8.4150,0.03,391,2388,100.00,38.96,23.3314
R-EQ004-004,EQ004,4,0.0024,-0.0003,100.0,518.67,642.73,1583.96,1400.32,14.62,21.61,553.58,2388.08,9047.70,1.30,47.39,522.00,2388.01,8132.90,8.4309,0.03,392,2388,100.00,38.87,23.4338
R-EQ004-005,EQ004,5,0.0012,-0.0002,100.0,518.67,642.11,1590.62,1399.42,14.62,21.61,552.91,2388.10,9046.98,1.30,47.26,521.35,2388.11,8126.94,8.4164,0.03,393,2388,100.00,38.91,23.2896
R-EQ004-006,EQ004,6,0.0023,0.0005,100.0,518.67,642.46,1588.76,1407.78,14.62,21.61,553.12,2388.04,9048.78,1.30,47.18,521.90,2388.09,8136.69,8.4313,0.03,392,2388,100.00,38.94,23.3491
R-EQ004-007,EQ004,7,-0.0020,0.0002,100.0,518.67,642.26,1586.91,1404.44,14.62,21.61,554.42,2388.06,9053.53,1.30,47.45,521.96,2388.08,8130.68,8.4372,0.03,393,2388,100.00,38.87,23.4134
R-EQ004-008,EQ004,8,0.0014,-0.0004,100.0,518.67,641.97,1584.18,1406.22,14.62,21.61,553.93,2388.05,9048.79,1.30,47.24,521.77,2388.06,8134.30,8.4169,0.03,393,2388,100.00,38.91,23.4044
R-EQ004-009,EQ004,9,0.0059,0.0005,100.0,518.67,642.59,1584.78,1403.51,14.62,21.61,553.78,2388.06,9051.30,1.30,47.43,522.23,2388.00,8132.18,8.3880,0.03,393,2388,100.00,38.88,23.3179
R-EQ004-010,EQ004,10,0.0006,-0.0003,100.0,518.67,642.78,1586.00,1400.12,14.62,21.61,553.54,2388.06,9050.49,1.30,47.50,521.54,2388.09,8131.50,8.4233,0.03,392,2388,100.00,38.94,23.3154
R-EQ004-011,EQ004,11,0.0034,0.0003,100.0,518.67,642.21,1588.75,1395.79,14.62,21.61,553.58,2388.07,9049.29,1.30,47.31,522.35,2388.06,8130.08,8.4134,0.03,394,2388,100.00,39.21,23.4153
R-EQ004-012,EQ004,12,0.0014,-0.0001,100.0,518.67,642.63,1584.33,1403.67,14.62,21.61,554.39,2388.09,9053.08,1.30,47.35,521.77,2388.05,8129.83,8.4208,0.03,394,2388,100.00,38.93,23.2962
R-EQ004-013,EQ004,13,-0.0018,0.0005,100.0,518.67,642.24,1587.74,1395.23,14.62,21.61,553.50,2388.06,9053.94,1.30,47.29,521.78,2388.06,8127.22,8.4330,0.03,392,2388,100.00,38.87,23.3162
R-EQ004-014,EQ004,14,-0.0019,0.0005,100.0,518.67,642.62,1583.38,1407.62,14.62,21.61,553.65,2388.05,9045.65,1.30,47.49,521.91,2388.07,8134.10,8.4236,0.03,393,2388,100.00,38.92,23.4073
R-EQ004-015,EQ004,15,-0.0021,-0.0001,100.0,518.67,642.47,1592.08,1401.13,14.62,21.61,554.70,2388.03,9050.65,1.30,47.35,521.98,2388.05,8132.16,8.4369,0.03,392,2388,100.00,38.91,23.3439
R-EQ004-016,EQ004,16,0.0014,-0.0001,100.0,518.67,642.17,1585.39,1409.84,14.62,21.61,554.72,2388.09,9049.49,1.30,47.30,521.66,2388.08,8125.32,8.4203,0.03,393,2388,100.00,39.04,23.3130
R-EQ004-017,EQ004,17,0.0014,0.0004,100.0,518.67,642.06,1587.82,1406.43,14.62,21.61,553.57,2388.10,9050.63,1.30,47.39,522.35,2388.06,8129.65,8.4309,0.03,392,2388,100.00,38.95,23.2397
R-EQ004-018,EQ004,18,0.0002,-0.0002,100.0,518.67,642.36,1589.62,1403.75,14.62,21.61,554.23,2388.08,9047.81,1.30,47.52,521.96,2388.09,8132.26,8.4229,0.03,393,2388,100.00,39.01,23.2961
R-EQ004-019,EQ004,19,-0.0029,0.0005,100.0,518.67,643.02,1589.90,1406.34,14.62,21.61,553.62,2388.02,9051.51,1.30,47.28,521.95,2388.08,8138.08,8.4111,0.03,392,2388,100.00,39.10,23.2799
R-EQ004-020,EQ004,20,0.0022,-0.0003,100.0,518.67,642.53,1589.76,1401.19,14.62,21.61,553.97,2388.05,9047.80,1.30,47.26,521.62,2388.08,8128.24,8.3897,0.03,392,2388,100.00,38.91,23.3725
R-EQ005-001,EQ005,1,0.0031,0.0002,100.0,518.67,641.77,1583.59,1395.26,14.62,21.61,554.39,2387.98,9066.49,1.30,47.19,522.34,2388.00,8152.22,8.4102,0.03,393,2388,100.00,38.98,23.4468
R-EQ005-002,EQ005,2,0.0002,0.0003,100.0,518.67,642.42,1589.69,1394.88,14.62,21.61,555.57,2388.01,9063.03,1.30,47.09,522.60,2387.99,8153.04,8.4053,0.03,392,2388,100.00,39.12,23.4075
R-EQ005-003,EQ005,3,0.0002,-0.0005,100.0,518.67,642.07,1582.45,1396.29,14.62,21.61,554.49,2388.01,9068.21,1.30,47.11,522.85,2388.02,8148.42,8.3990,0.03,393,2388,100.00,39.18,23.3298
R-EQ005-004,EQ005,4,0.0017,-0.0004,100.0,518.67,642.08,1586.84,1397.94,14.62,21.61,555.16,2387.96,9070.56,1.30,47.29,522.11,2387.99,8148.81,8.3876,0.03,390,2388,100.00,39.22,23.4306
R-EQ005-005,EQ005,5,-0.0007,0.0001,100.0,518.67,642.03,1581.45,1394.28,14.62,21.61,554.59,2387.98,9069.25,1.30,47.09,522.60,2387.95,8147.69,8.4129,0.03,390,2388,100.00,39.17,23.3331
R-EQ005-006,EQ005,6,0.0018,0.0002,100.0,518.67,642.32,1586.10,1390.56,14.62,21.61,554.53,2388.03,9062.14,1.30,47.16,522.87,2388.02,8148.03,8.4204,0.03,393,2388,100.00,39.00,23.3878
R-EQ005-007,EQ005,7,0.0019,0.0001,100.0,518.67,642.78,1585.21,1399.10,14.62,21.60,554.85,2387.92,9069.18,1.30,47.14,522.52,2388.00,8151.10,8.3913,0.03,393,2388,100.00,39.20,23.3820
R-EQ005-008,EQ005,8,-0.0016,-0.0002,100.0,518.67,642.49,1585.88,1393.41,14.62,21.61,554.33,2387.98,9073.13,1.30,47.03,522.41,2387.98,8145.43,8.4054,0.03,391,2388,100.00,39.11,23.4495
R-EQ005-009,EQ005,9,0.0029,0.0002,100.0,518.67,641.69,1581.46,1394.20,14.62,21.61,554.67,2388.00,9062.62,1.30,47.34,522.58,2388.03,8148.79,8.3796,0.03,392,2388,100.00,39.12,23.3762
R-EQ005-010,EQ005,10,0.0001,0.0003,100.0,518.67,642.18,1583.92,1390.30,14.62,21.60,554.84,2388.02,9071.57,1.30,47.32,522.67,2388.01,8146.61,8.4089,0.03,390,2388,100.00,39.06,23.4213
R-EQ005-011,EQ005,11,-0.0026,-0.0003,100.0,518.67,641.90,1585.25,1393.09,14.62,21.61,554.20,2387.96,9064.45,1.30,47.30,522.00,2388.01,8146.73,8.4091,0.03,391,2388,100.00,39.12,23.4847
R-EQ005-012,EQ005,12,-0.0009,-0.0001,100.0,518.67,641.97,1583.89,1394.07,14.62,21.60,554.27,2388.02,9070.86,1.30,47.12,522.96,2388.01,8147.24,8.4233,0.03,391,2388,100.00,38.87,23.3806
R-EQ005-013,EQ005,13,-0.0051,-0.0005,100.0,518.67,641.90,1579.55,1402.31,14.62,21.61,554.75,2388.03,9056.42,1.30,47.11,522.42,2387.94,8149.69,8.3860,0.03,392,2388,100.00,38.96,23.4476
R-EQ005-014,EQ005,14,-0.0000,0.0004,100.0,518.67,641.93,1578.03,1396.28,14.62,21.61,554.52,2387.97,9062.88,1.30,47.26,522.19,2388.03,8153.40,8.4214,0.03,393,2388,100.00,39.07,23.3733
R-EQ005-015,EQ005,15,0.0011,-0.0001,100.0,518.67,641.88,1589.42,1394.11,14.62,21.61,554.45,2388.07,9066.30,1.30,47.09,522.74,2388.03,8144.15,8.4073,0.03,391,2388,100.00,38.96,23.4795
R-EQ005-016,EQ005,16,-0.0037,0.0004,100.0,518.67,641.56,1578.43,1390.29,14.62,21.61,555.11,2388.00,9065.46,1.30,47.08,522.24,2388.02,8144.59,8.4266,0.03,391,2388,100.00,39.12,23.4884
R-EQ005-017,EQ005,17,-0.0008,-0.0001,100.0,518.67,642.00,1581.87,1400.59,14.62,21.61,554.31,2387.98,9066.79,1.30,47.11,522.89,2388.02,8153.44,8.4072,0.03,391,2388,100.00,39.04,23.4556
R-EQ005-018,EQ005,18,-0.0027,0.0001,100.0,518.67,642.05,1584.71,1391.09,14.62,21.61,554.25,2388.07,9066.52,1.30,46.98,522.64,2387.97,8143.80,8.4151,0.03,392,2388,100.00,39.02,23.4610
R-EQ005-019,EQ005,19,-0.0009,-0.0002,100.0,518.67,642.36,1588.06,1397.43,14.62,21.61,554.38,2387.95,9071.50,1.30,46.98,522.65,2387.99,8151.75,8.3674,0.03,392,2388,100.00,38.97,23.3752
R-EQ005-020,EQ005,20,0.0019,0.0002,100.0,518.67,642.27,1582.85,1393.07,14.62,21.61,554.69,2387.98,9060.46,1.30,47.13,522.00,2387.99,8147.39,8.3831,0.03,391,2388,100.00,38.86,23.3702
